ID, Nombre, Correo, Tipo, Contraseña
877039321, Sofia Ramirez, sofiaramirez@gmail.com, entrenador, Sof@66
709300200, Roberto Sanchez, robertosanchez@gmail.com, entrenador, Rob@68
787395801, Ana Torres, anatorres@gmail.com, entrenador, Ana@43
646685377, Laura Diaz, lauradiaz@gmail.com, entrenador, Lau@99
643453472, Pedro Castillo, pedrocastillo@gmail.com, entrenador, Ped@99
951457285, Carlos Lopez, carloslopez@gmail.com, entrenador, Car@29
658037795, Isabel Romero, isabelromero@gmail.com, entrenador, Isa@93
633180751, Fernando Gomez, fernandogomez@gmail.com, entrenador, Fer@14
611768264, Diana Vega, dianavega@gmail.com, entrenador, Dia@28
904100690, Andres Mora, andresmora@gmail.com, entrenador, And@79
785675046, Luis Hernandez, luishernandez@gmail.com, entrenador, Lui@78
984617380, Juan Perez, juanperez@gmail.com, entrenador, Jua@25
723197374, Maria Gonzalez, mariagonzalez@gmail.com, entrenador, Mar@26
882085625, Gabriel Ortiz, gabrielortiz@gmail.com, entrenador, Gab@53
894608690, Claudia Reyes, claudiareyes@gmail.com, entrenador, Cla@19
315789203, Jose Vargas, josevargas@gmail.com, entrenador, Jos@35
761923048, Daniela Herrera, danielaherrera@gmail.com, entrenador, Dan@47
509847362, Marco Rojas, marcorojas@gmail.com, entrenador, Mar@16
348902716, Luisa Ramirez, luisaramirez@gmail.com, entrenador, Lui@59
690184357, Martin Gutierrez, martingutierrez@gmail.com, entrenador, Mar@93
810349265, Gabriela Paredes, gabrielaparedes@gmail.com, entrenador, Gab@21
482617905, Alfredo Cruz, alfredocruz@gmail.com, entrenador, Alf@88
519073482, Silvia Sandoval, silviasandoval@gmail.com, entrenador, Sil@63
742608315, Arturo Castillo, arturocastillo@gmail.com, entrenador, Art@77
539617204, Elena Salazar, elenasalazar@gmail.com, entrenador, Ele@94
873105642, Hugo Jimenez, hugojimenez@gmail.com, entrenador, Hug@36
691284503, Rosa Vega, rosavega@gmail.com, entrenador, Ros@51
582930417, Victor Fernandez, victorfernandez@gmail.com, entrenador, Vic@42
376051289, Lorena Mendez, lorenamendez@gmail.com, entrenador, Lor@25
690271584, Javier Reyes, javierreyes@gmail.com, entrenador, Jav@65
592084731, Paula Torres, paulatorres@gmail.com, entrenador, Pau@86
437815902, Oscar Guzman, oscarguzman@gmail.com, entrenador, Osc@18
620814975, Monica Sanchez, monicasanchez@gmail.com, entrenador, Mon@52
801476253, Raul Ortiz, raulortiz@gmail.com, entrenador, Rau@45
493182705, Carmen Ramirez, carmenramirez@gmail.com, entrenador, Car@79
714850396, Pablo Gonzalez, pablogonzalez@gmail.com, entrenador, Pab@22
356921840, Teresa Rojas, teresarojas@gmail.com, entrenador, Ter@66
618205473, Jaime Vega, jaimevega@gmail.com, entrenador, Jai@98
487106329, Karla Herrera, karlaherrera@gmail.com, entrenador, Kar@38
294781563, Diego Pacheco, diegopacheco@gmail.com, entrenador, Die@41
738492061, Patricia Perez, patriciaperez@gmail.com, entrenador, Pat@57
409381725, Alberto Lopez, albertolopez@gmail.com, entrenador, Alb@78
562703894, Sonia Rivera, soniarivera@gmail.com, entrenador, Son@14
834729105, Julian Sandoval, juliansandoval@gmail.com, entrenador, Jul@62
671924085, Mariana Martinez, marianamartinez@gmail.com, entrenador, Mar@53
924107638, Cesar Cruz, cesarcruz@gmail.com, entrenador, Ces@34
410873295, Gloria Gutierrez, gloriagutierrez@gmail.com, entrenador, Glo@12
842037196, Luis Morales, luismorales@gmail.com, entrenador, Lui@54
729184506, Sandra Soto, sandrasoto@gmail.com, entrenador, San@28
584903712, Esteban Vargas, estebanvargas@gmail.com, entrenador, Est@36
493762018, Andrea Castillo, andreacastillo@gmail.com, entrenador, And@63
502984173, Miguel Rojas, miguelrojas@gmail.com, entrenador, Mig@91
893017654, Natalia Herrera, nataliaherrera@gmail.com, entrenador, Nat@82
641583927, Carlos Perez, carlosperez@gmail.com, entrenador, Car@74
492061784, Monica Reyes, monicareyes@gmail.com, entrenador, Mon@37
518279364, Enrique Ortiz, enriqueortiz@gmail.com, entrenador, Enr@29
384792051, Laura Gonzalez, lauragonzalez@gmail.com, entrenador, Lau@40
972508463, Diego Fernandez, diegofernandez@gmail.com, entrenador, Die@97
643850297, Camila Ramirez, camilaramirez@gmail.com, entrenador, Cam@48
529830417, Rafael Vega, rafaelvega@gmail.com, entrenador, Raf@52
815370249, Patricia Salazar, patriciasalazar@gmail.com, entrenador, Pat@71
692380517, Mario Jimenez, mariojimenez@gmail.com, entrenador, Mar@83
471083259, Rosa Torres, rosatorres@gmail.com, entrenador, Ros@49
584902731, Javier Paredes, javierparedes@gmail.com, entrenador, Jav@17
739102865, Sofia Lopez, sofialopez@gmail.com, entrenador, Sof@92
620548971, Hector Cruz, hectorcruz@gmail.com, entrenador, Hec@85
918472036, Daniela Guzman, danielaguzman@gmail.com, entrenador, Dan@53
643950281, Juan Rivera, juanrivera@gmail.com, entrenador, Jua@45
582091463, Gabriela Mendez, gabrielamendez@gmail.com, entrenador, Gab@33
793204586, Ricardo Herrera, ricardoherrera@gmail.com, entrenador, Ric@88
629350481, Veronica Sanchez, veronicasanchez@gmail.com, entrenador, Ver@72
812947305, Silvia Ortiz, silviaortiz@gmail.com, entrenador, Sil@58
903276158, Luis Pacheco, luispacheco@gmail.com, entrenador, Lui@31
510482973, Diana Vargas, dianavargas@gmail.com, entrenador, Dia@74
843019752, Arturo Rojas, arturorojas@gmail.com, entrenador, Art@27
520384961, Miguel Ramirez, miguelramirez@gmail.com, entrenador, Mig@83
764193528, Lucia Gonzalez, luciagonzalez@gmail.com, entrenador, Luc@59
382904716, Rosa Lopez, rosalopez@gmail.com, entrenador, Ros@44
694318205, Andrea Torres, andreatorres@gmail.com, entrenador, And@36
815473920, Fernando Vega, fernandovega@gmail.com, entrenador, Fer@64
493217806, Camila Fernandez, camilafernandez@gmail.com, entrenador, Cam@25
692058431, Javier Sandoval, javiersandoval@gmail.com, entrenador, Jav@93
837105462, Laura Martinez, lauramartinez@gmail.com, entrenador, Lau@39
524839061, Pedro Gutierrez, pedrogutierrez@gmail.com, entrenador, Ped@12
798450213, Karla Soto, karlasoto@gmail.com, entrenador, Kar@90
591037284, Alejandro Jimenez, alejandrojimenez@gmail.com, entrenador, Ale@77
816439205, Natalia Perez, nataliaperez@gmail.com, entrenador, Nat@66
503284719, Hugo Vargas, hugovargas@gmail.com, entrenador, Hug@84
764193850, Mariana Paredes, marianaparedes@gmail.com, entrenador, Mar@23
923174608, Monica Rojas, monicarojas@gmail.com, entrenador, Mon@47
472509318, Luis Salazar, luissalazar@gmail.com, entrenador, Lui@41
531284769, Sandra Ramirez, sandraramirez@gmail.com, entrenador, San@32
829047315, Diego Lopez, diegolopez@gmail.com, entrenador, Die@76
758193024, Paula Rojas, paularojas@gmail.com, entrenador, Pau@61
692571483, Ricardo Gonzalez, ricardogonzalez@gmail.com, entrenador, Ric@29
481637920, Maria Jimenez, mariajimenez@gmail.com, entrenador, Mar@70
694103852, Juan Soto, juansoto@gmail.com, entrenador, Jua@53
574820193, Carla Torres, carlatorres@gmail.com, entrenador, Car@85
710392847, Jorge Gutierrez, jorgegutierrez@gmail.com, entrenador, Jor@22
