ID,Nombre,Correo,Tipo,Contrasena,FechaDeVencimiento
218040761,Miguel Sanchez,miguelsanchez@gmail.com,Cliente,MigS@49,2024-11-25
608858929,Javier Perez,javierperez@gmail.com,Cliente,JavP@71,2025-01-12
940817564,Natalia Rojas,nataliarojas@gmail.com,Cliente,NatR@54,2025-02-02
997702199,Juan Ramirez,juanramirez@gmail.com,Cliente,JuaR@13,2025-01-26
571944977,Fernando Martinez,fernandomartinez@gmail.com,Cliente,FerM@31,2025-01-14
135545587,Carlos Vargas,carlosvargas@gmail.com,Cliente,CarV@30,2024-12-12
479026687,Natalia Jimenez,nataliajimenez@gmail.com,Cliente,NatJ@24,2025-01-21
920830050,Laura Castro,lauracastro@gmail.com,Cliente,LauC@56,2025-02-09
374650218,Sofia Ramirez,sofiaramirez@gmail.com,Cliente,SofR@20,2025-02-07
832534223,Alejandro Garcia,alejandrogarcia@gmail.com,Cliente,AleG@7,2025-01-03
127181156,Fernando Sanchez,fernandosanchez@gmail.com,Cliente,FerS@1,2025-01-13
735468098,Ana Delgado,anadelgado@gmail.com,Cliente,AnaD@30,2024-12-31
367633182,Valentina Vargas,valentinavargas@gmail.com,Cliente,ValV@55,2024-12-22
518194723,Maria Perez,mariaperez@gmail.com,Cliente,MarP@49,2024-12-30
393437576,Javier Gutierrez,javiergutierrez@gmail.com,Cliente,JavG@0,2025-01-10
171262344,Luis Sanchez,luissanchez@gmail.com,Cliente,LuiS@59,2025-01-05
769462932,David Sanchez,davidsanchez@gmail.com,Cliente,DavS@34,2025-02-04
889410843,Ana Ortega,anaortega@gmail.com,Cliente,AnaO@30,2024-12-15
140998762,Sergio Mendoza,sergiomendoza@gmail.com,Cliente,SerM@5,2025-01-02
479989789,Isabella Morales,isabellamorales@gmail.com,Cliente,IsaM@40,2024-12-29
550599529,Natalia Silva,nataliasilva@gmail.com,Cliente,NatS@78,2025-01-23
834095437,Daniela Vargas,danielavargas@gmail.com,Cliente,DanV@12,2025-02-07
419861898,Isabella Hernandez,isabellahernandez@gmail.com,Cliente,IsaH@49,2025-01-08
468597370,Miguel Delgado,migueldelgado@gmail.com,Cliente,MigD@55,2024-12-25
558818857,Diego Ortiz,diegoortiz@gmail.com,Cliente,DieO@2,2025-02-05
408041115,Lucia Castro,luciacastro@gmail.com,Cliente,LucC@28,2024-12-18
122889330,Jorge Gutierrez,jorgegutierrez@gmail.com,Cliente,JorG@49,2024-12-23
809696045,Carlos Sanchez,carlossanchez@gmail.com,Cliente,CarS@12,2025-01-17
654368904,Sergio Cruz,sergiocruz@gmail.com,Cliente,SerC@50,2025-01-26
719079238,Alejandro Perez,alejandroperez@gmail.com,Cliente,AleP@39,2024-12-15
297300302,Luis Torres,luistorres@gmail.com,Cliente,LuiT@4,2024-12-30
289393263,Ana Ramirez,anaramirez@gmail.com,Cliente,AnaR@93,2024-12-27
194549378,Fernando Garcia,fernandogarcia@gmail.com,Cliente,FerG@82,2025-01-09
505263025,Paula Rivera,paularivera@gmail.com,Cliente,PauR@19,2025-01-20
674636155,Fernando Ramos,fernandoramos@gmail.com,Cliente,FerR@47,2024-12-25
755768906,Fernando Lopez,fernandolopez@gmail.com,Cliente,FerL@16,2025-02-01
490525060,Natalia Medina,nataliamedina@gmail.com,Cliente,NatM@66,2024-12-28
175953969,Juan Gonzalez,juangonzalez@gmail.com,Cliente,JuaG@41,2025-01-14
559676469,Isabella Lopez,isabellalopez@gmail.com,Cliente,IsaL@26,2025-02-09
236805124,Maria Ortega,mariaortega@gmail.com,Cliente,MarO@97,2025-01-27
726660755,Luis Rivera,luisrivera@gmail.com,Cliente,LuiR@35,2025-01-03
466611194,Gabriela Jimenez,gabrielajimenez@gmail.com,Cliente,GabJ@33,2024-12-24
592789891,Gabriela Lopez,gabrielalopez@gmail.com,Cliente,GabL@76,2024-12-14
803773822,Alejandro Hernandez,alejandrohernandez@gmail.com,Cliente,AleH@34,2025-01-11
754797787,Luis Hernandez,luishernandez@gmail.com,Cliente,LuiH@65,2025-01-02
118822143,Javier Ortega,javierortega@gmail.com,Cliente,JavO@34,2025-02-06
978622725,Fernando Gonzalez,fernandogonzalez@gmail.com,Cliente,FerG@72,2025-01-11
628324441,Ana Mendoza,anamendoza@gmail.com,Cliente,AnaM@69,2025-01-16
963040630,Andrea Sanchez,andreasanchez@gmail.com,Cliente,AndS@76,2025-02-01
748422738,Sofia Ramos,sofiaramos@gmail.com,Cliente,SofR@42,2024-12-19
469462947,Paula Perez,paulaperez@gmail.com,Cliente,PauP@52,2025-02-08
938546986,Camila Garcia,camilagarcia@gmail.com,Cliente,CamG@8,2025-01-07
998971948,Jorge Gutierrez,jorgegutierrez@gmail.com,Cliente,JorG@49,2024-12-23
766914586,Isabella Silva,isabellasilva@gmail.com,Cliente,IsaS@47,2025-02-01
298322667,Alejandro Rodriguez,alejandrorodriguez@gmail.com,Cliente,AleR@40,2025-01-30
624712148,Diego Perez,diegoperez@gmail.com,Cliente,DieP@13,2025-02-03
443163142,Javier Medina,javiermedina@gmail.com,Cliente,JavM@60,2025-01-22
756793806,David Cruz,davidcruz@gmail.com,Cliente,DavC@47,2025-01-19
825827286,Paula Garcia,paulagarcia@gmail.com,Cliente,PauG@52,2025-01-10
983942504,David Martinez,davidmartinez@gmail.com,Cliente,DavM@82,2025-02-01
471081283,Miguel Medina,miguelmedina@gmail.com,Cliente,MigM@88,2025-01-25
919409158,Carlos Gutierrez,carlosgutierrez@gmail.com,Cliente,CarG@76,2025-02-08
531868838,Sergio Morales,sergiomorales@gmail.com,Cliente,SerM@77,2025-01-16
442238760,Valentina Gonzalez,valentinagonzalez@gmail.com,Cliente,ValG@61,2025-01-11
975297062,Laura Rodriguez,laurarodriguez@gmail.com,Cliente,LauR@31,2025-01-27
272145812,Juan Garcia,juangarcia@gmail.com,Cliente,JuaG@32,2025-02-01
108980300,Daniela Martinez,danielamartinez@gmail.com,Cliente,DanM@35,2025-02-12
923411720,Jorge Jimenez,jorgejimenez@gmail.com,Cliente,JorJ@10,2025-01-27
539146090,Sergio Martinez,sergiomartinez@gmail.com,Cliente,SerM@25,2025-01-30
585022017,Fernando Medina,fernandomedina@gmail.com,Cliente,FerM@84,2025-02-09
565638205,Carlos Ramirez,carlosramirez@gmail.com,Cliente,CarR@32,2025-02-13
340156854,Sergio Sanchez,sergiosanchez@gmail.com,Cliente,SerS@35,2025-02-06
312610518,Lucia Castro,luciacastro@gmail.com,Cliente,LucC@28,2025-01-25
932280122,Natalia Sanchez,nataliasanchez@gmail.com,Cliente,NatS@94,2025-02-08
592455336,Carlos Gonzalez,carlosgonzalez@gmail.com,Cliente,CarG@88,2025-02-04
489169959,Manuel Sanchez,manuelsanchez@gmail.com,Cliente,ManS@42,2025-02-16
522242826,Lucia Rojas,luciarojas@gmail.com,Cliente,LucR@45,2025-02-11
175620401,Sofia Gonzalez,sofiagonzalez@gmail.com,Cliente,SofG@79,2025-02-15
239744407,Andrea Cruz,andreacruz@gmail.com,Cliente,AndC@59,2025-02-05
542568527,Camila Morales,camilamorales@gmail.com,Cliente,CamM@50,2025-01-29
491183841,Sofia Morales,sofiamorales@gmail.com,Cliente,SofM@30,2025-01-23
434594647,Ana Silva,anasilva@gmail.com,Cliente,AnaS@54,2025-02-10
380582414,Gabriela Ramirez,gabrielaramirez@gmail.com,Cliente,GabR@13,2025-01-30
446578602,Manuel Morales,manuelmorales@gmail.com,Cliente,ManM@37,2025-02-02
356644797,Isabella Sanchez,isabellasanchez@gmail.com,Cliente,IsaS@52,2025-02-14
700644165,Jorge Torres,jorgetorres@gmail.com,Cliente,JorT@34,2025-01-28
982974495,Ana Jimenez,anajimenez@gmail.com,Cliente,AnaJ@64,2025-02-09
661501307,Valentina Jimenez,valentinajimenez@gmail.com,Cliente,ValJ@73,2025-02-19
876649404,David Lopez,davidlopez@gmail.com,Cliente,DavL@15,2025-01-30
648688988,Isabella Morales,isabellamorales@gmail.com,Cliente,IsaM@40,2025-02-18
3131232132,Joseph Gonzalez,jgonzc1511@gmail.com,Joseph54j@la
3391293129,Joseph Gonzalez,Jgonza@gmail.com,Joseph543@kkl,Cliente,2025-01-01
